Datetime,Water Level (m)
2025-05-21 06:00:00,0.6097126
2025-05-21 07:00:00,0.45273408
2025-05-21 08:00:00,0.2657439
2025-05-21 09:00:00,0.06304008
2025-05-21 10:00:00,-0.09581602
2025-05-21 11:00:00,-0.20328952
2025-05-21 12:00:00,-0.21093525
2025-05-21 13:00:00,0.06358964
2025-05-21 14:00:00,0.37409312
2025-05-21 15:00:00,0.74081516
2025-05-21 16:00:00,1.033002
2025-05-21 17:00:00,1.1452862
2025-05-21 18:00:00,1.0998367
2025-05-21 19:00:00,0.8636437
2025-05-21 20:00:00,0.59494966
2025-05-21 21:00:00,0.32611415
2025-05-21 22:00:00,0.09069147
2025-05-21 23:00:00,-0.077110745
2025-05-22 00:00:00,-0.22176556
2025-05-22 01:00:00,-0.32120326
2025-05-22 02:00:00,-0.180898
2025-05-22 03:00:00,0.22171977
2025-05-22 04:00:00,0.58011144
2025-05-22 05:00:00,0.923691
2025-05-22 06:00:00,1.0506046
2025-05-22 07:00:00,0.9937738
2025-05-22 08:00:00,0.7664053
2025-05-22 09:00:00,0.5266139
2025-05-22 10:00:00,0.28388453
2025-05-22 11:00:00,0.0869824
2025-05-22 12:00:00,-0.06592933
2025-05-22 13:00:00,-0.17501904
2025-05-22 14:00:00,-0.08770999
2025-05-22 15:00:00,0.27192682
2025-05-22 16:00:00,0.63367146
2025-05-22 17:00:00,1.0013316
2025-05-22 18:00:00,1.1693223
2025-05-22 19:00:00,1.1432259
2025-05-22 20:00:00,0.9029109
2025-05-22 21:00:00,0.63498515
2025-05-22 22:00:00,0.36714888
2025-05-22 23:00:00,0.13880172
2025-05-23 00:00:00,-0.038491085
2025-05-23 01:00:00,-0.19715293
2025-05-23 02:00:00,-0.30133763
2025-05-23 03:00:00,-0.03517993
2025-05-23 04:00:00,0.39984316
2025-05-23 05:00:00,0.8164383
2025-05-23 06:00:00,1.1804403
2025-05-23 07:00:00,1.3053261
2025-05-23 08:00:00,1.2309277
2025-05-23 09:00:00,0.9735609
2025-05-23 10:00:00,0.7052152
2025-05-23 11:00:00,0.43256205
2025-05-23 12:00:00,0.21164225
2025-05-23 13:00:00,0.043358862
2025-05-23 14:00:00,-0.09517313
2025-05-23 15:00:00,-0.030448101
2025-05-23 16:00:00,0.4273023
2025-05-23 17:00:00,0.813241
2025-05-23 18:00:00,1.2085423
2025-05-23 19:00:00,1.3716931
2025-05-23 20:00:00,1.3095281
2025-05-23 21:00:00,1.0440224
2025-05-23 22:00:00,0.7627646
2025-05-23 23:00:00,0.4765257
2025-05-24 00:00:00,0.23682623
2025-05-24 01:00:00,0.0476672
2025-05-24 02:00:00,-0.12402364
2025-05-24 03:00:00,-0.23405004
2025-05-24 04:00:00,0.10518991
2025-05-24 05:00:00,0.58350825
2025-05-24 06:00:00,1.042744
2025-05-24 07:00:00,1.394803
2025-05-24 08:00:00,1.5036294
2025-05-24 09:00:00,1.3659476
2025-05-24 10:00:00,1.067399
2025-05-24 11:00:00,0.7737771
2025-05-24 12:00:00,0.4810155
2025-05-24 13:00:00,0.24881868
2025-05-24 14:00:00,0.06765439
2025-05-24 15:00:00,-0.08932121
2025-05-24 16:00:00,-0.07761862
2025-05-24 17:00:00,0.41664973
2025-05-24 18:00:00,0.80649763
2025-05-24 19:00:00,1.2059436
2025-05-24 20:00:00,1.360942
2025-05-24 21:00:00,1.2602977
2025-05-24 22:00:00,0.9741728
2025-05-24 23:00:00,0.69168544
2025-05-25 00:00:00,0.41037786
2025-05-25 01:00:00,0.18850796
2025-05-25 02:00:00,-0.0015001163
2025-05-25 03:00:00,-0.17095865
2025-05-25 04:00:00,-0.26446468
2025-05-25 05:00:00,0.20088807
2025-05-25 06:00:00,0.6795777
2025-05-25 07:00:00,1.181024
2025-05-25 08:00:00,1.5222094
2025-05-25 09:00:00,1.6119449
2025-05-25 10:00:00,1.4242772
2025-05-25 11:00:00,1.0957744
2025-05-25 12:00:00,0.7881772
2025-05-25 13:00:00,0.49035174
2025-05-25 14:00:00,0.26268274
2025-05-25 15:00:00,0.07744533
2025-05-25 16:00:00,-0.08311273
2025-05-25 17:00:00,-0.053046428
2025-05-25 18:00:00,0.48109725
2025-05-25 19:00:00,0.87685263
2025-05-25 20:00:00,1.2695658
2025-05-25 21:00:00,1.3910607
2025-05-25 22:00:00,1.2438726
2025-05-25 23:00:00,0.94730735
2025-05-26 00:00:00,0.6605353
2025-05-26 01:00:00,0.38643286
2025-05-26 02:00:00,0.17193268
2025-05-26 03:00:00,-0.013027766
2025-05-26 04:00:00,-0.179016
2025-05-26 05:00:00,-0.18722059
2025-05-26 06:00:00,0.46043453
2025-05-26 07:00:00,0.9570971
2025-05-26 08:00:00,1.5003729
2025-05-26 09:00:00,1.7998885
2025-05-26 10:00:00,1.8307995
2025-05-26 11:00:00,1.5668162
2025-05-26 12:00:00,1.2103837
2025-05-26 13:00:00,0.879373
2025-05-26 14:00:00,0.5637117
2025-05-26 15:00:00,0.33288574
2025-05-26 16:00:00,0.14260237
2025-05-26 17:00:00,-0.02350886
2025-05-26 18:00:00,0.050948266
2025-05-26 19:00:00,0.6014767
2025-05-26 20:00:00,1.010694
2025-05-26 21:00:00,1.3640295
2025-05-26 22:00:00,1.426252
2025-05-26 23:00:00,1.2183976
2025-05-27 00:00:00,0.9165021
2025-05-27 01:00:00,0.6222848
2025-05-27 02:00:00,0.36401162
2025-05-27 03:00:00,0.1548283
2025-05-27 04:00:00,-0.030719083
2025-05-27 05:00:00,-0.19245422
2025-05-27 06:00:00,-0.06146203
